--
-- PostgreSQL database dump
--

\restrict rFTNpNniEZT1QHO4cZ9XXHQDQG2blHX6Wdcyn8HQS1x9THckKxzpN0JU1sV4ODe

-- Dumped from database version 18.0 (Debian 18.0-1.pgdg13+3)
-- Dumped by pg_dump version 18.0 (Debian 18.0-1.pgdg13+3)

SET statement_timeout = 0;
SET lock_timeout = 0;
SET idle_in_transaction_session_timeout = 0;
SET transaction_timeout = 0;
SET client_encoding = 'UTF8';
SET standard_conforming_strings = on;
SELECT pg_catalog.set_config('search_path', '', false);
SET check_function_bodies = false;
SET xmloption = content;
SET client_min_messages = warning;
SET row_security = off;

SET default_tablespace = '';

SET default_table_access_method = heap;

--
-- Name: Users; Type: TABLE; Schema: public; Owner: records
--

CREATE TABLE public."Users" (
    "Id" uuid NOT NULL,
    "Username" text NOT NULL,
    "Email" text NOT NULL,
    "PasswordHash" text NOT NULL,
    "PasswordSalt" text NOT NULL,
    "DateCreated" timestamp with time zone NOT NULL,
    "DateUpdated" timestamp with time zone NOT NULL
);


ALTER TABLE public."Users" OWNER TO records;

--
-- Name: WeightEntries; Type: TABLE; Schema: public; Owner: records
--

CREATE TABLE public."WeightEntries" (
    "Id" uuid NOT NULL,
    "Value" real NOT NULL,
    "Comment" text,
    "EntryDate" date NOT NULL,
    "UserId" uuid NOT NULL,
    "DateCreated" timestamp with time zone NOT NULL,
    "DateUpdated" timestamp with time zone NOT NULL
);


ALTER TABLE public."WeightEntries" OWNER TO records;

--
-- Name: __EFMigrationsHistory; Type: TABLE; Schema: public; Owner: records
--

CREATE TABLE public."__EFMigrationsHistory" (
    "MigrationId" character varying(150) NOT NULL,
    "ProductVersion" character varying(32) NOT NULL
);


ALTER TABLE public."__EFMigrationsHistory" OWNER TO records;

--
-- Data for Name: Users; Type: TABLE DATA; Schema: public; Owner: records
--

COPY public."Users" ("Id", "Username", "Email", "PasswordHash", "PasswordSalt", "DateCreated", "DateUpdated") FROM stdin;
f7fdef01-1e73-4a83-a770-4a5148a919f3	alberteinstein	albert.einstein@example.invalid	EE0E3D3529133F9096ED2CAEC72BD07849D43F035DC3A2E9A2F30063E96DA482	0C25358BD4BCDCCDDEB96E0EB918BF0A	2025-02-19 17:21:32.782144+13	2025-02-19 17:21:32.782144+13
b378ee12-e261-47ff-8a8d-b202787bc631	stephenhawking	stephen.hawking@example.invalid	D9301F85F4F2F5400A8511499FA7E8F8AE82B38009138D64B944A8C22D8426A2	4EE5B8A01B3E975AA35303F8F3529047	2025-02-19 17:32:36.01753+13	2025-02-19 17:32:36.01753+13
362c8551-0fff-47fb-9ed3-9fb39828308c	mariecurie	marie.curie@example.invalid	C2F52C4390B3FA9DC11A3435A5025543D4830331CECB7F28516DAB733C4445F3	FC41FDB949D35BABD2B9DAD64BBB6AE4	2025-02-19 17:32:29.592922+13	2025-02-19 17:32:29.592922+13
\.


--
-- Data for Name: WeightEntries; Type: TABLE DATA; Schema: public; Owner: records
--

COPY public."WeightEntries" ("Id", "Value", "Comment", "EntryDate", "UserId", "DateCreated", "DateUpdated") FROM stdin;
0199a8fb-41ab-7b0e-bf29-c5c67d4ff3cc	80.04	Starting to track my bulk	2024-01-01	f7fdef01-1e73-4a83-a770-4a5148a919f3	2025-10-03 20:31:02.69955+13	2025-10-03 20:31:02.69955+13
0199a8fb-41b0-7ea5-9d28-57befd76a066	80.04		2024-01-02	f7fdef01-1e73-4a83-a770-4a5148a919f3	2025-10-03 20:31:02.704778+13	2025-10-03 20:31:02.704778+13
0199a8fb-41b3-73e9-87f5-368ce984321d	80.12		2024-01-03	f7fdef01-1e73-4a83-a770-4a5148a919f3	2025-10-03 20:31:02.70764+13	2025-10-03 20:31:02.70764+13
0199a8fb-41b6-7d73-8028-30f828ab8175	80.2		2024-01-04	f7fdef01-1e73-4a83-a770-4a5148a919f3	2025-10-03 20:31:02.710218+13	2025-10-03 20:31:02.710218+13
0199a8fb-41b8-7ea1-ae8e-2bbc7c92e078	80.29		2024-01-05	f7fdef01-1e73-4a83-a770-4a5148a919f3	2025-10-03 20:31:02.712904+13	2025-10-03 20:31:02.712904+13
0199a8fb-41bc-7ea9-8ccf-356ad714696c	80.38		2024-01-06	f7fdef01-1e73-4a83-a770-4a5148a919f3	2025-10-03 20:31:02.716255+13	2025-10-03 20:31:02.716255+13
0199a8fb-41be-71a0-be43-d67686829853	80.39		2024-01-07	f7fdef01-1e73-4a83-a770-4a5148a919f3	2025-10-03 20:31:02.718718+13	2025-10-03 20:31:02.718718+13
0199a8fb-41c1-79d9-b80c-a2542fbffa93	80.49		2024-01-08	f7fdef01-1e73-4a83-a770-4a5148a919f3	2025-10-03 20:31:02.721206+13	2025-10-03 20:31:02.721206+13
0199a8fb-41c3-7944-ab0c-056604526a22	80.57		2024-01-09	f7fdef01-1e73-4a83-a770-4a5148a919f3	2025-10-03 20:31:02.72369+13	2025-10-03 20:31:02.72369+13
0199a8fb-41c6-7aea-b9c9-79bcb9f37912	80.59		2024-01-10	f7fdef01-1e73-4a83-a770-4a5148a919f3	2025-10-03 20:31:02.726098+13	2025-10-03 20:31:02.726098+13
0199a8fb-41c8-7c5e-8fb4-c97b5d2d72f7	80.63		2024-01-11	f7fdef01-1e73-4a83-a770-4a5148a919f3	2025-10-03 20:31:02.728519+13	2025-10-03 20:31:02.728519+13
0199a8fb-41ca-712c-a718-47d1dcdb6982	80.72		2024-01-12	f7fdef01-1e73-4a83-a770-4a5148a919f3	2025-10-03 20:31:02.730849+13	2025-10-03 20:31:02.730849+13
0199a8fb-41cd-7bbf-8d5d-52ffa3f293f0	80.78		2024-01-13	f7fdef01-1e73-4a83-a770-4a5148a919f3	2025-10-03 20:31:02.733125+13	2025-10-03 20:31:02.733125+13
0199a8fb-41cf-7d77-b103-a306b0b77183	80.85		2024-01-14	f7fdef01-1e73-4a83-a770-4a5148a919f3	2025-10-03 20:31:02.735392+13	2025-10-03 20:31:02.735392+13
0199a8fb-41d1-7399-bdcd-75ee5240d4a5	80.87		2024-01-15	f7fdef01-1e73-4a83-a770-4a5148a919f3	2025-10-03 20:31:02.737886+13	2025-10-03 20:31:02.737886+13
0199a8fb-41d4-78da-af5a-73afbfe675cb	80.9		2024-01-16	f7fdef01-1e73-4a83-a770-4a5148a919f3	2025-10-03 20:31:02.74046+13	2025-10-03 20:31:02.74046+13
0199a8fb-41d6-7e3b-8b43-adbe65f76893	80.99		2024-01-17	f7fdef01-1e73-4a83-a770-4a5148a919f3	2025-10-03 20:31:02.742811+13	2025-10-03 20:31:02.742811+13
0199a8fb-41d9-7967-97cf-582f22839c1a	81.01		2024-01-18	f7fdef01-1e73-4a83-a770-4a5148a919f3	2025-10-03 20:31:02.745195+13	2025-10-03 20:31:02.745195+13
0199a8fb-41db-74af-9eea-17545c5ded52	81.01		2024-01-19	f7fdef01-1e73-4a83-a770-4a5148a919f3	2025-10-03 20:31:02.747746+13	2025-10-03 20:31:02.747746+13
0199a8fb-41df-7875-baef-c051eae34f13	81.02		2024-01-20	f7fdef01-1e73-4a83-a770-4a5148a919f3	2025-10-03 20:31:02.751359+13	2025-10-03 20:31:02.751359+13
0199a8fb-41e2-75c5-95ed-f67aba09b973	81.12		2024-01-21	f7fdef01-1e73-4a83-a770-4a5148a919f3	2025-10-03 20:31:02.754826+13	2025-10-03 20:31:02.754826+13
0199a8fb-41e8-79b6-80bd-5d96b4675bd6	81.13		2024-01-22	f7fdef01-1e73-4a83-a770-4a5148a919f3	2025-10-03 20:31:02.759929+13	2025-10-03 20:31:02.759929+13
0199a8fb-41f7-7734-a68d-23535f83de08	81.19		2024-01-23	f7fdef01-1e73-4a83-a770-4a5148a919f3	2025-10-03 20:31:02.77531+13	2025-10-03 20:31:02.77531+13
0199a8fb-41fd-7151-b70f-12bb045dc4a8	81.26		2024-01-24	f7fdef01-1e73-4a83-a770-4a5148a919f3	2025-10-03 20:31:02.781703+13	2025-10-03 20:31:02.781703+13
0199a8fb-4204-7dba-9c80-90ac30a19c8d	81.27		2024-01-25	f7fdef01-1e73-4a83-a770-4a5148a919f3	2025-10-03 20:31:02.788472+13	2025-10-03 20:31:02.788472+13
0199a8fb-420b-77f9-bce5-3fe42ee0ce7b	81.28		2024-01-26	f7fdef01-1e73-4a83-a770-4a5148a919f3	2025-10-03 20:31:02.795671+13	2025-10-03 20:31:02.795671+13
0199a8fb-4212-7769-87bd-25b8eb4655eb	81.29		2024-01-27	f7fdef01-1e73-4a83-a770-4a5148a919f3	2025-10-03 20:31:02.802559+13	2025-10-03 20:31:02.802559+13
0199a8fb-4218-7c36-89b7-f3d87dc08756	81.37		2024-01-28	f7fdef01-1e73-4a83-a770-4a5148a919f3	2025-10-03 20:31:02.808965+13	2025-10-03 20:31:02.808965+13
0199a8fb-421f-7a56-932d-323cc2de2848	81.41		2024-01-29	f7fdef01-1e73-4a83-a770-4a5148a919f3	2025-10-03 20:31:02.815666+13	2025-10-03 20:31:02.815666+13
0199a8fb-4226-7011-b25d-9243dc8df086	81.46		2024-01-30	f7fdef01-1e73-4a83-a770-4a5148a919f3	2025-10-03 20:31:02.822888+13	2025-10-03 20:31:02.822888+13
0199a8fb-422b-7742-975b-3990090dcdf8	81.54		2024-01-31	f7fdef01-1e73-4a83-a770-4a5148a919f3	2025-10-03 20:31:02.827687+13	2025-10-03 20:31:02.827687+13
0199a8fb-4231-795a-a2bc-0e4c2c218a8e	81.55		2024-02-01	f7fdef01-1e73-4a83-a770-4a5148a919f3	2025-10-03 20:31:02.833685+13	2025-10-03 20:31:02.833685+13
0199a8fb-4238-7422-821e-8d62f31dac32	81.61		2024-02-02	f7fdef01-1e73-4a83-a770-4a5148a919f3	2025-10-03 20:31:02.840664+13	2025-10-03 20:31:02.840664+13
0199a8fb-423e-712b-bd24-ce0431bbba51	81.67		2024-02-03	f7fdef01-1e73-4a83-a770-4a5148a919f3	2025-10-03 20:31:02.846246+13	2025-10-03 20:31:02.846246+13
0199a8fb-4242-7239-89ab-699e5724d1c7	81.71		2024-02-04	f7fdef01-1e73-4a83-a770-4a5148a919f3	2025-10-03 20:31:02.850677+13	2025-10-03 20:31:02.850677+13
0199a8fb-4246-7262-905a-3651622a9c85	81.81		2024-02-05	f7fdef01-1e73-4a83-a770-4a5148a919f3	2025-10-03 20:31:02.854589+13	2025-10-03 20:31:02.854589+13
0199a8fb-424b-7233-a060-18703abc0eaf	81.85		2024-02-06	f7fdef01-1e73-4a83-a770-4a5148a919f3	2025-10-03 20:31:02.859201+13	2025-10-03 20:31:02.859201+13
0199a8fb-424f-78e3-9ce4-3296139aa716	81.91		2024-02-07	f7fdef01-1e73-4a83-a770-4a5148a919f3	2025-10-03 20:31:02.863031+13	2025-10-03 20:31:02.863031+13
0199a8fb-4252-74e0-a380-3b7df5cdede0	81.97		2024-02-08	f7fdef01-1e73-4a83-a770-4a5148a919f3	2025-10-03 20:31:02.866652+13	2025-10-03 20:31:02.866652+13
0199a8fb-4256-73c3-a096-2306d63e4bcf	82.02		2024-02-09	f7fdef01-1e73-4a83-a770-4a5148a919f3	2025-10-03 20:31:02.870783+13	2025-10-03 20:31:02.870783+13
0199a8fb-425a-763f-b27f-6d6eff9cf6ed	82.03		2024-02-10	f7fdef01-1e73-4a83-a770-4a5148a919f3	2025-10-03 20:31:02.874042+13	2025-10-03 20:31:02.874042+13
0199a8fb-425d-7459-a4e2-999d69492a4c	82.1		2024-02-11	f7fdef01-1e73-4a83-a770-4a5148a919f3	2025-10-03 20:31:02.877702+13	2025-10-03 20:31:02.877702+13
0199a8fb-4262-71a1-92bb-b30cc3beda3e	82.11		2024-02-12	f7fdef01-1e73-4a83-a770-4a5148a919f3	2025-10-03 20:31:02.882385+13	2025-10-03 20:31:02.882385+13
0199a8fb-4266-7582-8aaa-13ed3b33db3c	82.12		2024-02-13	f7fdef01-1e73-4a83-a770-4a5148a919f3	2025-10-03 20:31:02.886387+13	2025-10-03 20:31:02.886387+13
0199a8fb-426c-7c15-a918-4fd998cf0dda	82.16		2024-02-14	f7fdef01-1e73-4a83-a770-4a5148a919f3	2025-10-03 20:31:02.89211+13	2025-10-03 20:31:02.89211+13
0199a8fb-4270-7e17-8baf-281c25b13e75	82.22		2024-02-15	f7fdef01-1e73-4a83-a770-4a5148a919f3	2025-10-03 20:31:02.89607+13	2025-10-03 20:31:02.89607+13
0199a8fb-4275-71f5-8c5c-0641e27a526c	82.31		2024-02-16	f7fdef01-1e73-4a83-a770-4a5148a919f3	2025-10-03 20:31:02.901576+13	2025-10-03 20:31:02.901576+13
0199a8fb-427a-727c-a8db-d9842d327358	82.34		2024-02-17	f7fdef01-1e73-4a83-a770-4a5148a919f3	2025-10-03 20:31:02.906318+13	2025-10-03 20:31:02.906318+13
0199a8fb-427e-79e4-ae03-cff94f622e33	82.37		2024-02-18	f7fdef01-1e73-4a83-a770-4a5148a919f3	2025-10-03 20:31:02.910545+13	2025-10-03 20:31:02.910545+13
0199a8fb-4283-7eac-b3ff-362233b12ebf	82.38		2024-02-19	f7fdef01-1e73-4a83-a770-4a5148a919f3	2025-10-03 20:31:02.915742+13	2025-10-03 20:31:02.915742+13
0199a8fb-4289-7b08-ad0a-7783e35ba406	82.48		2024-02-20	f7fdef01-1e73-4a83-a770-4a5148a919f3	2025-10-03 20:31:02.921498+13	2025-10-03 20:31:02.921498+13
0199a8fb-428d-770c-90f8-a828ccd4924b	82.57		2024-02-21	f7fdef01-1e73-4a83-a770-4a5148a919f3	2025-10-03 20:31:02.925933+13	2025-10-03 20:31:02.925933+13
0199a8fb-4292-7b0e-9889-7fdf69315f66	82.59		2024-02-22	f7fdef01-1e73-4a83-a770-4a5148a919f3	2025-10-03 20:31:02.930868+13	2025-10-03 20:31:02.930868+13
0199a8fb-4297-79e9-a974-126ccfe01467	82.6		2024-02-23	f7fdef01-1e73-4a83-a770-4a5148a919f3	2025-10-03 20:31:02.935383+13	2025-10-03 20:31:02.935383+13
0199a8fb-429c-7059-8427-9e11bda3cf02	82.63		2024-02-24	f7fdef01-1e73-4a83-a770-4a5148a919f3	2025-10-03 20:31:02.940567+13	2025-10-03 20:31:02.940567+13
0199a8fb-42a1-71f6-9172-0e0bc49d41a9	82.7		2024-02-25	f7fdef01-1e73-4a83-a770-4a5148a919f3	2025-10-03 20:31:02.945785+13	2025-10-03 20:31:02.945785+13
0199a8fb-42a6-7031-ac8e-874be8f65703	82.72		2024-02-26	f7fdef01-1e73-4a83-a770-4a5148a919f3	2025-10-03 20:31:02.950374+13	2025-10-03 20:31:02.950374+13
0199a8fb-42aa-751c-85c3-ede65eb2ab94	82.72		2024-02-27	f7fdef01-1e73-4a83-a770-4a5148a919f3	2025-10-03 20:31:02.954301+13	2025-10-03 20:31:02.954301+13
0199a8fb-42ae-7c62-a1e8-cee890f3a40e	82.81		2024-02-28	f7fdef01-1e73-4a83-a770-4a5148a919f3	2025-10-03 20:31:02.958638+13	2025-10-03 20:31:02.958638+13
0199a8fb-42b2-7873-8a17-6d389a5961d8	82.87		2024-02-29	f7fdef01-1e73-4a83-a770-4a5148a919f3	2025-10-03 20:31:02.962195+13	2025-10-03 20:31:02.962195+13
0199a8fb-42b6-7382-af9d-c464d0db5e99	82.93		2024-03-01	f7fdef01-1e73-4a83-a770-4a5148a919f3	2025-10-03 20:31:02.966419+13	2025-10-03 20:31:02.966419+13
0199a8fb-42bc-77e9-8249-89b41626e3a2	82.97		2024-03-02	f7fdef01-1e73-4a83-a770-4a5148a919f3	2025-10-03 20:31:02.972649+13	2025-10-03 20:31:02.972649+13
0199a8fb-42c1-759c-b010-d77622d3bedc	82.99		2024-03-03	f7fdef01-1e73-4a83-a770-4a5148a919f3	2025-10-03 20:31:02.977414+13	2025-10-03 20:31:02.977414+13
0199a8fb-42c6-7107-a07e-07599960f31f	83.08		2024-03-04	f7fdef01-1e73-4a83-a770-4a5148a919f3	2025-10-03 20:31:02.982444+13	2025-10-03 20:31:02.982444+13
0199a8fb-42ca-7208-be42-532782e82fa8	83.11		2024-03-05	f7fdef01-1e73-4a83-a770-4a5148a919f3	2025-10-03 20:31:02.986873+13	2025-10-03 20:31:02.986873+13
0199a8fb-42cf-74a0-80e1-ca8dd5592229	83.15		2024-03-06	f7fdef01-1e73-4a83-a770-4a5148a919f3	2025-10-03 20:31:02.991445+13	2025-10-03 20:31:02.991445+13
0199a8fb-42d4-7549-a122-cfe3542208b7	83.21		2024-03-07	f7fdef01-1e73-4a83-a770-4a5148a919f3	2025-10-03 20:31:02.996695+13	2025-10-03 20:31:02.996695+13
0199a8fb-42d9-784d-8223-3ee3cb9cd5fe	83.23		2024-03-08	f7fdef01-1e73-4a83-a770-4a5148a919f3	2025-10-03 20:31:03.001089+13	2025-10-03 20:31:03.001089+13
0199a8fb-42de-7272-a230-a661d458e8f7	83.3		2024-03-09	f7fdef01-1e73-4a83-a770-4a5148a919f3	2025-10-03 20:31:03.006668+13	2025-10-03 20:31:03.006668+13
0199a8fb-42e3-7a96-af31-47742bc84fb2	83.35		2024-03-10	f7fdef01-1e73-4a83-a770-4a5148a919f3	2025-10-03 20:31:03.011297+13	2025-10-03 20:31:03.011297+13
0199a8fb-42e7-7da3-8df2-714dbb41ddd7	83.4		2024-03-11	f7fdef01-1e73-4a83-a770-4a5148a919f3	2025-10-03 20:31:03.015596+13	2025-10-03 20:31:03.015596+13
0199a8fb-42eb-7303-9042-c9e9f20c22c3	83.48		2024-03-12	f7fdef01-1e73-4a83-a770-4a5148a919f3	2025-10-03 20:31:03.019343+13	2025-10-03 20:31:03.019343+13
0199a8fb-42f1-7730-98ed-cd8751ac3493	83.49		2024-03-13	f7fdef01-1e73-4a83-a770-4a5148a919f3	2025-10-03 20:31:03.025308+13	2025-10-03 20:31:03.025308+13
0199a8fb-42f6-758d-b1af-92670bc8590b	83.56		2024-03-14	f7fdef01-1e73-4a83-a770-4a5148a919f3	2025-10-03 20:31:03.030341+13	2025-10-03 20:31:03.030341+13
0199a8fb-42fa-75cb-9f36-71eb7cb703bf	83.62		2024-03-15	f7fdef01-1e73-4a83-a770-4a5148a919f3	2025-10-03 20:31:03.034692+13	2025-10-03 20:31:03.034692+13
0199a8fb-42ff-7a2a-aaf4-4123113bfa7a	83.65		2024-03-16	f7fdef01-1e73-4a83-a770-4a5148a919f3	2025-10-03 20:31:03.039089+13	2025-10-03 20:31:03.039089+13
0199a8fb-4303-74c8-92e8-e03bf956250c	83.68		2024-03-17	f7fdef01-1e73-4a83-a770-4a5148a919f3	2025-10-03 20:31:03.04337+13	2025-10-03 20:31:03.04337+13
0199a8fb-4307-7f47-a8c2-efc9dc5086f5	83.77		2024-03-18	f7fdef01-1e73-4a83-a770-4a5148a919f3	2025-10-03 20:31:03.047478+13	2025-10-03 20:31:03.047478+13
0199a8fb-430b-7459-9815-138cdd7ec585	83.79		2024-03-19	f7fdef01-1e73-4a83-a770-4a5148a919f3	2025-10-03 20:31:03.051563+13	2025-10-03 20:31:03.051563+13
0199a8fb-430f-799b-80a8-4c476d8162e6	83.8		2024-03-20	f7fdef01-1e73-4a83-a770-4a5148a919f3	2025-10-03 20:31:03.055239+13	2025-10-03 20:31:03.055239+13
0199a8fb-4313-7b8c-ab67-0976ba1215f0	83.82		2024-03-21	f7fdef01-1e73-4a83-a770-4a5148a919f3	2025-10-03 20:31:03.059259+13	2025-10-03 20:31:03.059259+13
0199a8fb-4317-7753-84e3-728aa770b888	83.84		2024-03-22	f7fdef01-1e73-4a83-a770-4a5148a919f3	2025-10-03 20:31:03.063107+13	2025-10-03 20:31:03.063107+13
0199a8fb-431b-78f4-812e-a67d133145f1	83.9		2024-03-23	f7fdef01-1e73-4a83-a770-4a5148a919f3	2025-10-03 20:31:03.06701+13	2025-10-03 20:31:03.06701+13
0199a8fb-431f-7e1e-82ba-aff60bcd7526	83.9		2024-03-24	f7fdef01-1e73-4a83-a770-4a5148a919f3	2025-10-03 20:31:03.071281+13	2025-10-03 20:31:03.071281+13
0199a8fb-4324-7707-8667-31cc262c065b	83.99		2024-03-25	f7fdef01-1e73-4a83-a770-4a5148a919f3	2025-10-03 20:31:03.076684+13	2025-10-03 20:31:03.076684+13
0199a8fb-4329-7977-b61f-b9488c1fa4f7	84.05		2024-03-26	f7fdef01-1e73-4a83-a770-4a5148a919f3	2025-10-03 20:31:03.081371+13	2025-10-03 20:31:03.081371+13
0199a8fb-432e-7a81-8c25-8dc8bdf47d24	84.05		2024-03-27	f7fdef01-1e73-4a83-a770-4a5148a919f3	2025-10-03 20:31:03.086444+13	2025-10-03 20:31:03.086444+13
0199a8fb-4332-7267-8883-813451914890	84.08		2024-03-28	f7fdef01-1e73-4a83-a770-4a5148a919f3	2025-10-03 20:31:03.090188+13	2025-10-03 20:31:03.090188+13
0199a8fb-4336-7b31-bb72-85891711580e	84.13		2024-03-29	f7fdef01-1e73-4a83-a770-4a5148a919f3	2025-10-03 20:31:03.094077+13	2025-10-03 20:31:03.094077+13
0199a8fb-433b-78fb-80b4-d8d8af819731	84.15		2024-03-30	f7fdef01-1e73-4a83-a770-4a5148a919f3	2025-10-03 20:31:03.099398+13	2025-10-03 20:31:03.099398+13
0199a8fb-433f-7761-8c36-fa11ad182108	84.23		2024-03-31	f7fdef01-1e73-4a83-a770-4a5148a919f3	2025-10-03 20:31:03.103134+13	2025-10-03 20:31:03.103134+13
0199a8fb-4343-7ad6-b3f0-8bdce1dc65e3	84.25		2024-04-01	f7fdef01-1e73-4a83-a770-4a5148a919f3	2025-10-03 20:31:03.107319+13	2025-10-03 20:31:03.107319+13
0199a8fb-4348-73e0-b7a7-97e8e8b82b3d	84.34		2024-04-02	f7fdef01-1e73-4a83-a770-4a5148a919f3	2025-10-03 20:31:03.112226+13	2025-10-03 20:31:03.112226+13
0199a8fb-434d-702d-9b6e-8a567410def2	84.44		2024-04-03	f7fdef01-1e73-4a83-a770-4a5148a919f3	2025-10-03 20:31:03.117622+13	2025-10-03 20:31:03.117622+13
0199a8fb-4353-74a8-970e-554ea9c077af	84.47		2024-04-04	f7fdef01-1e73-4a83-a770-4a5148a919f3	2025-10-03 20:31:03.12349+13	2025-10-03 20:31:03.12349+13
0199a8fb-4358-748a-a9e8-77f120cee16c	84.49		2024-04-05	f7fdef01-1e73-4a83-a770-4a5148a919f3	2025-10-03 20:31:03.128372+13	2025-10-03 20:31:03.128372+13
0199a8fb-435d-7041-ab7d-c68ff9f95e62	84.54		2024-04-06	f7fdef01-1e73-4a83-a770-4a5148a919f3	2025-10-03 20:31:03.133526+13	2025-10-03 20:31:03.133526+13
0199a8fb-4361-76a9-8914-31b810b481de	84.63		2024-04-07	f7fdef01-1e73-4a83-a770-4a5148a919f3	2025-10-03 20:31:03.137675+13	2025-10-03 20:31:03.137675+13
0199a8fb-4366-73ba-935b-9758036cdfdc	84.7		2024-04-08	f7fdef01-1e73-4a83-a770-4a5148a919f3	2025-10-03 20:31:03.142544+13	2025-10-03 20:31:03.142544+13
0199a8fb-436a-7b0d-b343-c5aa7251b326	84.76		2024-04-09	f7fdef01-1e73-4a83-a770-4a5148a919f3	2025-10-03 20:31:03.146932+13	2025-10-03 20:31:03.146932+13
0199a8fb-436f-7dc7-8dfc-43fad191a03a	84.81		2024-04-10	f7fdef01-1e73-4a83-a770-4a5148a919f3	2025-10-03 20:31:03.151785+13	2025-10-03 20:31:03.151785+13
0199a8fb-4374-7f0f-bdb8-a457b2080e0d	84.9		2024-04-11	f7fdef01-1e73-4a83-a770-4a5148a919f3	2025-10-03 20:31:03.156164+13	2025-10-03 20:31:03.156164+13
0199a8fb-4379-7a0a-bda3-c4b69733f87f	84.96		2024-04-12	f7fdef01-1e73-4a83-a770-4a5148a919f3	2025-10-03 20:31:03.161381+13	2025-10-03 20:31:03.161381+13
0199a8fb-437d-78a3-85a0-3a9bb9ada234	84.98		2024-04-13	f7fdef01-1e73-4a83-a770-4a5148a919f3	2025-10-03 20:31:03.165755+13	2025-10-03 20:31:03.165755+13
0199a8fb-4382-73ca-b165-eb912754cbad	84.99		2024-04-14	f7fdef01-1e73-4a83-a770-4a5148a919f3	2025-10-03 20:31:03.170396+13	2025-10-03 20:31:03.170396+13
0199a8fb-4387-7607-ad96-fab61d00642d	85.07		2024-04-15	f7fdef01-1e73-4a83-a770-4a5148a919f3	2025-10-03 20:31:03.175404+13	2025-10-03 20:31:03.175404+13
0199a8fb-438b-747b-9247-234691cd843d	85.08		2024-04-16	f7fdef01-1e73-4a83-a770-4a5148a919f3	2025-10-03 20:31:03.179691+13	2025-10-03 20:31:03.179691+13
0199a8fb-4390-7ba5-8e65-df30aa5d2a8b	85.15		2024-04-17	f7fdef01-1e73-4a83-a770-4a5148a919f3	2025-10-03 20:31:03.184294+13	2025-10-03 20:31:03.184294+13
0199a8fb-4398-7551-a459-8ee0367c2f02	85.19		2024-04-18	f7fdef01-1e73-4a83-a770-4a5148a919f3	2025-10-03 20:31:03.192975+13	2025-10-03 20:31:03.192975+13
0199a8fb-439d-725b-9e1b-c28c9b8b4349	85.21		2024-04-19	f7fdef01-1e73-4a83-a770-4a5148a919f3	2025-10-03 20:31:03.197335+13	2025-10-03 20:31:03.197335+13
0199a8fb-43a1-7718-8507-4eaaa10e1098	85.31		2024-04-20	f7fdef01-1e73-4a83-a770-4a5148a919f3	2025-10-03 20:31:03.201677+13	2025-10-03 20:31:03.201677+13
0199a8fb-43a5-7d03-8943-e64ae8bae9f5	85.37		2024-04-21	f7fdef01-1e73-4a83-a770-4a5148a919f3	2025-10-03 20:31:03.205891+13	2025-10-03 20:31:03.205891+13
0199a8fb-43ab-7aa5-bc6f-1fb54f84b06c	85.38		2024-04-22	f7fdef01-1e73-4a83-a770-4a5148a919f3	2025-10-03 20:31:03.211344+13	2025-10-03 20:31:03.211344+13
0199a8fb-43af-70bb-940d-843f7851145f	85.41		2024-04-23	f7fdef01-1e73-4a83-a770-4a5148a919f3	2025-10-03 20:31:03.215292+13	2025-10-03 20:31:03.215292+13
0199a8fb-43b4-7fc5-9a60-05c6577c14b8	85.46		2024-04-24	f7fdef01-1e73-4a83-a770-4a5148a919f3	2025-10-03 20:31:03.220322+13	2025-10-03 20:31:03.220322+13
0199a8fb-43b8-72b1-885c-72b899e04f89	85.48		2024-04-25	f7fdef01-1e73-4a83-a770-4a5148a919f3	2025-10-03 20:31:03.224189+13	2025-10-03 20:31:03.224189+13
0199a8fb-43bb-7e7a-a447-ab3992ab1441	85.5		2024-04-26	f7fdef01-1e73-4a83-a770-4a5148a919f3	2025-10-03 20:31:03.227967+13	2025-10-03 20:31:03.227967+13
0199a8fb-43bf-736f-ab08-3e60394507e7	85.5		2024-04-27	f7fdef01-1e73-4a83-a770-4a5148a919f3	2025-10-03 20:31:03.231672+13	2025-10-03 20:31:03.231672+13
0199a8fb-43c3-7a91-816e-929f297c683a	85.56		2024-04-28	f7fdef01-1e73-4a83-a770-4a5148a919f3	2025-10-03 20:31:03.235536+13	2025-10-03 20:31:03.235536+13
0199a8fb-43c7-7ad1-b5aa-2375f5c23100	85.61		2024-04-29	f7fdef01-1e73-4a83-a770-4a5148a919f3	2025-10-03 20:31:03.239559+13	2025-10-03 20:31:03.239559+13
0199a8fb-43ca-74bb-b7e0-3b48fb36a94a	85.63		2024-04-30	f7fdef01-1e73-4a83-a770-4a5148a919f3	2025-10-03 20:31:03.242756+13	2025-10-03 20:31:03.242756+13
0199a8fb-43ce-7732-9855-f38fb0d802fb	85.72		2024-05-01	f7fdef01-1e73-4a83-a770-4a5148a919f3	2025-10-03 20:31:03.246481+13	2025-10-03 20:31:03.246481+13
0199a8fb-43d1-7c1b-b05f-25487b5bde43	85.79		2024-05-02	f7fdef01-1e73-4a83-a770-4a5148a919f3	2025-10-03 20:31:03.24987+13	2025-10-03 20:31:03.24987+13
0199a8fb-43d5-7e41-b68d-d05eabff3edd	85.87		2024-05-03	f7fdef01-1e73-4a83-a770-4a5148a919f3	2025-10-03 20:31:03.253208+13	2025-10-03 20:31:03.253208+13
0199a8fb-43d9-712b-92c7-588ca603ca3f	85.94		2024-05-04	f7fdef01-1e73-4a83-a770-4a5148a919f3	2025-10-03 20:31:03.257258+13	2025-10-03 20:31:03.257258+13
0199a8fb-43dd-7ded-9242-3df1d259b7fb	85.99		2024-05-05	f7fdef01-1e73-4a83-a770-4a5148a919f3	2025-10-03 20:31:03.261465+13	2025-10-03 20:31:03.261465+13
0199a8fb-43e1-74a1-8d71-c95cf0675037	86.09	bulk going well	2024-05-06	f7fdef01-1e73-4a83-a770-4a5148a919f3	2025-10-03 20:31:03.265111+13	2025-10-03 20:31:03.265111+13
0199a8fb-43e6-7204-ba19-a9fe85fa32c2	86.11		2024-05-07	f7fdef01-1e73-4a83-a770-4a5148a919f3	2025-10-03 20:31:03.270161+13	2025-10-03 20:31:03.270161+13
0199a8fb-43e9-79e7-873f-688912240395	86.13		2024-05-08	f7fdef01-1e73-4a83-a770-4a5148a919f3	2025-10-03 20:31:03.273413+13	2025-10-03 20:31:03.273413+13
0199a8fb-43ed-7f18-93df-a266e3811d1a	86.13		2024-05-09	f7fdef01-1e73-4a83-a770-4a5148a919f3	2025-10-03 20:31:03.277184+13	2025-10-03 20:31:03.277184+13
0199a8fb-43f0-7351-b6ea-dd55de1f01c6	86.21		2024-05-10	f7fdef01-1e73-4a83-a770-4a5148a919f3	2025-10-03 20:31:03.280554+13	2025-10-03 20:31:03.280554+13
0199a8fb-43f4-7183-8193-9433b4eb0e90	86.25		2024-05-11	f7fdef01-1e73-4a83-a770-4a5148a919f3	2025-10-03 20:31:03.28423+13	2025-10-03 20:31:03.28423+13
0199a8fb-43f8-79c0-87bf-d636a1085b2a	86.26		2024-05-12	f7fdef01-1e73-4a83-a770-4a5148a919f3	2025-10-03 20:31:03.288026+13	2025-10-03 20:31:03.288026+13
0199a8fb-43fc-7da6-9660-7dda3d9bedbd	86.26		2024-05-13	f7fdef01-1e73-4a83-a770-4a5148a919f3	2025-10-03 20:31:03.291999+13	2025-10-03 20:31:03.291999+13
0199a8fb-4401-72a2-b27d-40b42109db68	86.35		2024-05-14	f7fdef01-1e73-4a83-a770-4a5148a919f3	2025-10-03 20:31:03.297414+13	2025-10-03 20:31:03.297414+13
0199a8fb-4404-7914-a402-345c85d68079	86.44		2024-05-15	f7fdef01-1e73-4a83-a770-4a5148a919f3	2025-10-03 20:31:03.300815+13	2025-10-03 20:31:03.300815+13
0199a8fb-4408-71e5-9a3f-9b2bcae50d8f	86.46		2024-05-16	f7fdef01-1e73-4a83-a770-4a5148a919f3	2025-10-03 20:31:03.304596+13	2025-10-03 20:31:03.304596+13
0199a8fb-440c-74be-bb96-46dd3a1b11e9	86.51		2024-05-17	f7fdef01-1e73-4a83-a770-4a5148a919f3	2025-10-03 20:31:03.30863+13	2025-10-03 20:31:03.30863+13
0199a8fb-4410-78a9-9897-b71737331be2	86.56		2024-05-18	f7fdef01-1e73-4a83-a770-4a5148a919f3	2025-10-03 20:31:03.312744+13	2025-10-03 20:31:03.312744+13
0199a8fb-4415-7179-80d6-0a47eff13090	86.56		2024-05-19	f7fdef01-1e73-4a83-a770-4a5148a919f3	2025-10-03 20:31:03.316994+13	2025-10-03 20:31:03.316994+13
0199a8fb-4419-786f-86c4-263bc1886794	86.63		2024-05-20	f7fdef01-1e73-4a83-a770-4a5148a919f3	2025-10-03 20:31:03.321102+13	2025-10-03 20:31:03.321102+13
0199a8fb-441d-7497-8ebc-aece7ce9a95d	86.73		2024-05-21	f7fdef01-1e73-4a83-a770-4a5148a919f3	2025-10-03 20:31:03.32545+13	2025-10-03 20:31:03.32545+13
0199a8fb-4422-791b-a52c-52b7b9559589	86.8		2024-05-22	f7fdef01-1e73-4a83-a770-4a5148a919f3	2025-10-03 20:31:03.330519+13	2025-10-03 20:31:03.330519+13
0199a8fb-4426-7f0e-8e9f-a0499c6efbf7	86.85		2024-05-23	f7fdef01-1e73-4a83-a770-4a5148a919f3	2025-10-03 20:31:03.334675+13	2025-10-03 20:31:03.334675+13
0199a8fb-442b-78ba-a155-b7752e207c5d	86.86		2024-05-24	f7fdef01-1e73-4a83-a770-4a5148a919f3	2025-10-03 20:31:03.339263+13	2025-10-03 20:31:03.339263+13
0199a8fb-442f-796a-8644-184572bedff3	86.94		2024-05-25	f7fdef01-1e73-4a83-a770-4a5148a919f3	2025-10-03 20:31:03.343445+13	2025-10-03 20:31:03.343445+13
0199a8fb-4434-7ec5-9d05-559095f1cd3b	87.01		2024-05-26	f7fdef01-1e73-4a83-a770-4a5148a919f3	2025-10-03 20:31:03.348455+13	2025-10-03 20:31:03.348455+13
0199a8fb-4438-7d5a-8d8b-53ed35bde204	87.08		2024-05-27	f7fdef01-1e73-4a83-a770-4a5148a919f3	2025-10-03 20:31:03.352565+13	2025-10-03 20:31:03.352565+13
0199a8fb-443c-73a6-b185-f345bafbfbb1	87.16		2024-05-28	f7fdef01-1e73-4a83-a770-4a5148a919f3	2025-10-03 20:31:03.356682+13	2025-10-03 20:31:03.356682+13
0199a8fb-4440-756b-96e7-f43450e19c91	87.23		2024-05-29	f7fdef01-1e73-4a83-a770-4a5148a919f3	2025-10-03 20:31:03.360926+13	2025-10-03 20:31:03.360926+13
0199a8fb-4445-7682-9d19-10158daeb5a8	87.25		2024-05-30	f7fdef01-1e73-4a83-a770-4a5148a919f3	2025-10-03 20:31:03.365481+13	2025-10-03 20:31:03.365481+13
0199a8fb-4449-72f5-b068-f1cc6cbd5df3	87.28		2024-05-31	f7fdef01-1e73-4a83-a770-4a5148a919f3	2025-10-03 20:31:03.369169+13	2025-10-03 20:31:03.369169+13
0199a8fb-444d-77b1-bfa6-8d2f495ff4ea	87.35		2024-06-01	f7fdef01-1e73-4a83-a770-4a5148a919f3	2025-10-03 20:31:03.373458+13	2025-10-03 20:31:03.373458+13
0199a8fb-4451-7de0-965d-1fce44429a0d	87.39		2024-06-02	f7fdef01-1e73-4a83-a770-4a5148a919f3	2025-10-03 20:31:03.377005+13	2025-10-03 20:31:03.377005+13
0199a8fb-4454-7d24-82e0-7774022d6158	87.48		2024-06-03	f7fdef01-1e73-4a83-a770-4a5148a919f3	2025-10-03 20:31:03.380381+13	2025-10-03 20:31:03.380381+13
0199a8fb-4457-70c2-92e9-420276b51e10	87.54		2024-06-04	f7fdef01-1e73-4a83-a770-4a5148a919f3	2025-10-03 20:31:03.383949+13	2025-10-03 20:31:03.383949+13
0199a8fb-445b-770f-9068-540caebb24fb	87.57		2024-06-05	f7fdef01-1e73-4a83-a770-4a5148a919f3	2025-10-03 20:31:03.387052+13	2025-10-03 20:31:03.387052+13
0199a8fb-445e-7f27-b3f0-335dfcaf7e63	87.66		2024-06-06	f7fdef01-1e73-4a83-a770-4a5148a919f3	2025-10-03 20:31:03.390248+13	2025-10-03 20:31:03.390248+13
0199a8fb-4461-7a4a-bd75-783082a0f81b	87.75		2024-06-07	f7fdef01-1e73-4a83-a770-4a5148a919f3	2025-10-03 20:31:03.39345+13	2025-10-03 20:31:03.39345+13
0199a8fb-4464-77ac-a0aa-1aeb23d09012	87.76		2024-06-08	f7fdef01-1e73-4a83-a770-4a5148a919f3	2025-10-03 20:31:03.396487+13	2025-10-03 20:31:03.396487+13
0199a8fb-4468-7dbf-ba55-9ba4920a2a6b	87.86		2024-06-09	f7fdef01-1e73-4a83-a770-4a5148a919f3	2025-10-03 20:31:03.400015+13	2025-10-03 20:31:03.400015+13
0199a8fb-446b-7c22-92f1-0e102c750c01	87.91		2024-06-10	f7fdef01-1e73-4a83-a770-4a5148a919f3	2025-10-03 20:31:03.403239+13	2025-10-03 20:31:03.403239+13
0199a8fb-446e-7d2e-ad0e-fe6c7a879a55	88		2024-06-11	f7fdef01-1e73-4a83-a770-4a5148a919f3	2025-10-03 20:31:03.406497+13	2025-10-03 20:31:03.406497+13
0199a8fb-4471-72e2-b4e0-cc6667c2397a	88.04		2024-06-12	f7fdef01-1e73-4a83-a770-4a5148a919f3	2025-10-03 20:31:03.409618+13	2025-10-03 20:31:03.409618+13
0199a8fb-4474-74a7-9d45-bf70059d9168	88.07		2024-06-13	f7fdef01-1e73-4a83-a770-4a5148a919f3	2025-10-03 20:31:03.412787+13	2025-10-03 20:31:03.412787+13
0199a8fb-4478-7c4d-ad36-e7e7fd5c3822	88.07		2024-06-14	f7fdef01-1e73-4a83-a770-4a5148a919f3	2025-10-03 20:31:03.416123+13	2025-10-03 20:31:03.416123+13
0199a8fb-447b-7b76-86e5-e1db998717f7	88.11		2024-06-15	f7fdef01-1e73-4a83-a770-4a5148a919f3	2025-10-03 20:31:03.419429+13	2025-10-03 20:31:03.419429+13
0199a8fb-447e-7ecc-a2de-3668f0ce9d1c	88.15		2024-06-16	f7fdef01-1e73-4a83-a770-4a5148a919f3	2025-10-03 20:31:03.422479+13	2025-10-03 20:31:03.422479+13
0199a8fb-4482-75bb-91ee-db5be241a5d3	88.22		2024-06-17	f7fdef01-1e73-4a83-a770-4a5148a919f3	2025-10-03 20:31:03.426423+13	2025-10-03 20:31:03.426423+13
0199a8fb-4486-733b-ac99-6d8bdf1ae0b7	88.28		2024-06-18	f7fdef01-1e73-4a83-a770-4a5148a919f3	2025-10-03 20:31:03.430317+13	2025-10-03 20:31:03.430317+13
0199a8fb-4489-765a-8fda-21e76df8aa6e	88.29		2024-06-19	f7fdef01-1e73-4a83-a770-4a5148a919f3	2025-10-03 20:31:03.433796+13	2025-10-03 20:31:03.433796+13
0199a8fb-448e-7859-85b1-de1e3377f2cc	88.32		2024-06-20	f7fdef01-1e73-4a83-a770-4a5148a919f3	2025-10-03 20:31:03.438034+13	2025-10-03 20:31:03.438034+13
0199a8fb-4491-79c9-8236-4766006906cd	88.35		2024-06-21	f7fdef01-1e73-4a83-a770-4a5148a919f3	2025-10-03 20:31:03.441063+13	2025-10-03 20:31:03.441063+13
0199a8fb-4495-7bcf-8816-825568514946	88.42		2024-06-22	f7fdef01-1e73-4a83-a770-4a5148a919f3	2025-10-03 20:31:03.445131+13	2025-10-03 20:31:03.445131+13
0199a8fb-4498-7c1e-ba73-2028d2aa114e	88.42		2024-06-23	f7fdef01-1e73-4a83-a770-4a5148a919f3	2025-10-03 20:31:03.448659+13	2025-10-03 20:31:03.448659+13
0199a8fb-449c-75fb-8c07-91878d52c92e	88.5		2024-06-24	f7fdef01-1e73-4a83-a770-4a5148a919f3	2025-10-03 20:31:03.452136+13	2025-10-03 20:31:03.452136+13
0199a8fb-449f-783c-85ef-7fc578ed6388	88.57		2024-06-25	f7fdef01-1e73-4a83-a770-4a5148a919f3	2025-10-03 20:31:03.455191+13	2025-10-03 20:31:03.455191+13
0199a8fb-44a2-702a-b0c9-2314e5fae3a5	88.59		2024-06-26	f7fdef01-1e73-4a83-a770-4a5148a919f3	2025-10-03 20:31:03.458098+13	2025-10-03 20:31:03.458098+13
0199a8fb-44a4-72cd-a4a3-6e97ea81629a	88.59		2024-06-27	f7fdef01-1e73-4a83-a770-4a5148a919f3	2025-10-03 20:31:03.460775+13	2025-10-03 20:31:03.460775+13
0199a8fb-44a8-764c-9944-447b99dad485	88.61		2024-06-28	f7fdef01-1e73-4a83-a770-4a5148a919f3	2025-10-03 20:31:03.464969+13	2025-10-03 20:31:03.464969+13
0199a8fb-44ad-71ed-936c-f169401e9dba	88.64		2024-06-29	f7fdef01-1e73-4a83-a770-4a5148a919f3	2025-10-03 20:31:03.469008+13	2025-10-03 20:31:03.469008+13
0199a8fb-44b0-7251-b28f-408344d391c2	88.71	Finished bulk, starting cut	2024-06-30	f7fdef01-1e73-4a83-a770-4a5148a919f3	2025-10-03 20:31:03.472096+13	2025-10-03 20:31:03.472096+13
0199a8fb-44b3-72b4-aa9b-a50d125a4d1e	89.97		2024-07-01	f7fdef01-1e73-4a83-a770-4a5148a919f3	2025-10-03 20:31:03.475053+13	2025-10-03 20:31:03.475053+13
0199a8fb-44b5-7a51-a845-531be6ad2ed6	89.94		2024-07-02	f7fdef01-1e73-4a83-a770-4a5148a919f3	2025-10-03 20:31:03.477781+13	2025-10-03 20:31:03.477781+13
0199a8fb-44ba-7d2f-b5af-dc1656dec874	89.9		2024-07-03	f7fdef01-1e73-4a83-a770-4a5148a919f3	2025-10-03 20:31:03.482092+13	2025-10-03 20:31:03.482092+13
0199a8fb-44bc-72d1-b8f5-ea7e90028574	89.78		2024-07-04	f7fdef01-1e73-4a83-a770-4a5148a919f3	2025-10-03 20:31:03.484808+13	2025-10-03 20:31:03.484808+13
0199a8fb-44bf-72cc-836f-ec81801d54d2	89.62		2024-07-05	f7fdef01-1e73-4a83-a770-4a5148a919f3	2025-10-03 20:31:03.487689+13	2025-10-03 20:31:03.487689+13
0199a8fb-44c2-7460-9d8b-44b65ba88dab	89.59		2024-07-06	f7fdef01-1e73-4a83-a770-4a5148a919f3	2025-10-03 20:31:03.490329+13	2025-10-03 20:31:03.490329+13
0199a8fb-44c5-72dd-819d-efa5b458b473	89.5		2024-07-07	f7fdef01-1e73-4a83-a770-4a5148a919f3	2025-10-03 20:31:03.493397+13	2025-10-03 20:31:03.493397+13
0199a8fb-44c8-742f-aa91-553f6e2bd364	89.49		2024-07-08	f7fdef01-1e73-4a83-a770-4a5148a919f3	2025-10-03 20:31:03.496679+13	2025-10-03 20:31:03.496679+13
0199a8fb-44cb-7ef3-b6a6-85b36f86f349	89.45		2024-07-09	f7fdef01-1e73-4a83-a770-4a5148a919f3	2025-10-03 20:31:03.499594+13	2025-10-03 20:31:03.499594+13
0199a8fb-44d0-7365-b50e-73e6f639044a	89.41		2024-07-10	f7fdef01-1e73-4a83-a770-4a5148a919f3	2025-10-03 20:31:03.503991+13	2025-10-03 20:31:03.503991+13
0199a8fb-44d3-79ec-8360-1dcad5f367ff	89.29		2024-07-11	f7fdef01-1e73-4a83-a770-4a5148a919f3	2025-10-03 20:31:03.507611+13	2025-10-03 20:31:03.507611+13
0199a8fb-44d6-7fc7-a6d5-96659ccf15a7	89.21		2024-07-12	f7fdef01-1e73-4a83-a770-4a5148a919f3	2025-10-03 20:31:03.51089+13	2025-10-03 20:31:03.51089+13
0199a8fb-44da-771b-ac9c-656970fdf4fe	89.18		2024-07-13	f7fdef01-1e73-4a83-a770-4a5148a919f3	2025-10-03 20:31:03.514186+13	2025-10-03 20:31:03.514186+13
0199a8fb-44dd-7e31-a8fa-a94ced5c1fcd	89.14		2024-07-14	f7fdef01-1e73-4a83-a770-4a5148a919f3	2025-10-03 20:31:03.517289+13	2025-10-03 20:31:03.517289+13
0199a8fb-44e0-7f23-96a5-809ac08b4f7b	88.98		2024-07-15	f7fdef01-1e73-4a83-a770-4a5148a919f3	2025-10-03 20:31:03.52021+13	2025-10-03 20:31:03.52021+13
0199a8fb-44e3-718c-bb5f-e69dc36ee952	88.9		2024-07-16	f7fdef01-1e73-4a83-a770-4a5148a919f3	2025-10-03 20:31:03.523269+13	2025-10-03 20:31:03.523269+13
0199a8fb-44e7-748c-9011-5fa475c2c724	88.89		2024-07-17	f7fdef01-1e73-4a83-a770-4a5148a919f3	2025-10-03 20:31:03.527215+13	2025-10-03 20:31:03.527215+13
0199a8fb-44ea-74a8-b8f6-877042c43a58	88.74		2024-07-18	f7fdef01-1e73-4a83-a770-4a5148a919f3	2025-10-03 20:31:03.53024+13	2025-10-03 20:31:03.53024+13
0199a8fb-44ed-7aa7-a5b6-8e2b1b8932bf	88.71		2024-07-19	f7fdef01-1e73-4a83-a770-4a5148a919f3	2025-10-03 20:31:03.533192+13	2025-10-03 20:31:03.533192+13
0199a8fb-44f0-73a4-9f7c-94d52380f3c7	88.68		2024-07-20	f7fdef01-1e73-4a83-a770-4a5148a919f3	2025-10-03 20:31:03.536261+13	2025-10-03 20:31:03.536261+13
0199a8fb-44f3-72ff-8240-4abec83540ec	88.51		2024-07-21	f7fdef01-1e73-4a83-a770-4a5148a919f3	2025-10-03 20:31:03.539585+13	2025-10-03 20:31:03.539585+13
0199a8fb-44f7-76ce-9ec4-307b9a7d3314	88.51		2024-07-22	f7fdef01-1e73-4a83-a770-4a5148a919f3	2025-10-03 20:31:03.542996+13	2025-10-03 20:31:03.542996+13
0199a8fb-44fa-70c5-b747-826620789650	88.45		2024-07-23	f7fdef01-1e73-4a83-a770-4a5148a919f3	2025-10-03 20:31:03.54627+13	2025-10-03 20:31:03.54627+13
0199a8fb-44fd-7a59-a97c-f5858673a697	88.27		2024-07-24	f7fdef01-1e73-4a83-a770-4a5148a919f3	2025-10-03 20:31:03.549637+13	2025-10-03 20:31:03.549637+13
0199a8fb-4500-71de-92ab-d821e69f5114	88.11		2024-07-25	f7fdef01-1e73-4a83-a770-4a5148a919f3	2025-10-03 20:31:03.552613+13	2025-10-03 20:31:03.552613+13
0199a8fb-4504-7ce3-bc75-7a0250b1c3f7	88.03		2024-07-26	f7fdef01-1e73-4a83-a770-4a5148a919f3	2025-10-03 20:31:03.556063+13	2025-10-03 20:31:03.556063+13
0199a8fb-4507-7cb7-99f8-703a085d3af8	88.03		2024-07-27	f7fdef01-1e73-4a83-a770-4a5148a919f3	2025-10-03 20:31:03.559314+13	2025-10-03 20:31:03.559314+13
0199a8fb-450a-7cbb-b6b4-ce7ba6b77fa6	88		2024-07-28	f7fdef01-1e73-4a83-a770-4a5148a919f3	2025-10-03 20:31:03.562363+13	2025-10-03 20:31:03.562363+13
0199a8fb-450e-71b5-b228-bd10b18f5756	87.98		2024-07-29	f7fdef01-1e73-4a83-a770-4a5148a919f3	2025-10-03 20:31:03.566243+13	2025-10-03 20:31:03.566243+13
0199a8fb-4511-780e-86f7-1b19cc5f44bf	87.81		2024-07-30	f7fdef01-1e73-4a83-a770-4a5148a919f3	2025-10-03 20:31:03.569358+13	2025-10-03 20:31:03.569358+13
0199a8fb-4516-7328-afc5-a007f25b365d	87.65		2024-07-31	f7fdef01-1e73-4a83-a770-4a5148a919f3	2025-10-03 20:31:03.574134+13	2025-10-03 20:31:03.574134+13
0199a8fb-4519-79e6-9d11-04e816588fd4	87.46		2024-08-01	f7fdef01-1e73-4a83-a770-4a5148a919f3	2025-10-03 20:31:03.577801+13	2025-10-03 20:31:03.577801+13
0199a8fb-451c-70d9-9973-b6a2ba518236	87.37		2024-08-02	f7fdef01-1e73-4a83-a770-4a5148a919f3	2025-10-03 20:31:03.580952+13	2025-10-03 20:31:03.580952+13
0199a8fb-4520-777b-bfd2-0fb9248fe548	87.29		2024-08-03	f7fdef01-1e73-4a83-a770-4a5148a919f3	2025-10-03 20:31:03.58431+13	2025-10-03 20:31:03.58431+13
0199a8fb-4523-7c2e-9653-03a66e04b72f	87.29		2024-08-04	f7fdef01-1e73-4a83-a770-4a5148a919f3	2025-10-03 20:31:03.587363+13	2025-10-03 20:31:03.587363+13
0199a8fb-4527-7200-83d6-01f83748bc4c	87.24		2024-08-05	f7fdef01-1e73-4a83-a770-4a5148a919f3	2025-10-03 20:31:03.591449+13	2025-10-03 20:31:03.591449+13
0199a8fb-452a-7174-aa13-13cfaca62321	87.21		2024-08-06	f7fdef01-1e73-4a83-a770-4a5148a919f3	2025-10-03 20:31:03.594922+13	2025-10-03 20:31:03.594922+13
0199a8fb-452f-73e3-b589-ab28e529240a	87.03		2024-08-07	f7fdef01-1e73-4a83-a770-4a5148a919f3	2025-10-03 20:31:03.599044+13	2025-10-03 20:31:03.599044+13
0199a8fb-4533-7128-be71-71b6a2829d9b	86.94		2024-08-08	f7fdef01-1e73-4a83-a770-4a5148a919f3	2025-10-03 20:31:03.603201+13	2025-10-03 20:31:03.603201+13
0199a8fb-4537-7ff3-bf04-7178d0963380	86.9		2024-08-09	f7fdef01-1e73-4a83-a770-4a5148a919f3	2025-10-03 20:31:03.607126+13	2025-10-03 20:31:03.607126+13
0199a8fb-453a-766e-9134-c53d0f3d67bc	86.7		2024-08-10	f7fdef01-1e73-4a83-a770-4a5148a919f3	2025-10-03 20:31:03.610638+13	2025-10-03 20:31:03.610638+13
0199a8fb-453f-7df1-8658-4b59dd0bf94e	86.69		2024-08-11	f7fdef01-1e73-4a83-a770-4a5148a919f3	2025-10-03 20:31:03.615066+13	2025-10-03 20:31:03.615066+13
0199a8fb-4542-7880-a40d-7f410c02b379	86.67		2024-08-12	f7fdef01-1e73-4a83-a770-4a5148a919f3	2025-10-03 20:31:03.618762+13	2025-10-03 20:31:03.618762+13
0199a8fb-4546-70d4-b98a-149f55e07bf0	86.51		2024-08-13	f7fdef01-1e73-4a83-a770-4a5148a919f3	2025-10-03 20:31:03.622449+13	2025-10-03 20:31:03.622449+13
0199a8fb-4549-7d60-9545-0f927da07d44	86.39		2024-08-14	f7fdef01-1e73-4a83-a770-4a5148a919f3	2025-10-03 20:31:03.625643+13	2025-10-03 20:31:03.625643+13
0199a8fb-454e-7fa4-99c6-9ad0cd77f867	86.21		2024-08-15	f7fdef01-1e73-4a83-a770-4a5148a919f3	2025-10-03 20:31:03.630157+13	2025-10-03 20:31:03.630157+13
0199a8fb-4551-7eb9-95f8-0c6a6da4fa01	86.03		2024-08-16	f7fdef01-1e73-4a83-a770-4a5148a919f3	2025-10-03 20:31:03.633278+13	2025-10-03 20:31:03.633278+13
0199a8fb-4554-7d19-a3ac-fbe922cb6148	85.93		2024-08-17	f7fdef01-1e73-4a83-a770-4a5148a919f3	2025-10-03 20:31:03.636091+13	2025-10-03 20:31:03.636091+13
0199a8fb-4557-7b2f-b330-776bf5838d61	85.8		2024-08-18	f7fdef01-1e73-4a83-a770-4a5148a919f3	2025-10-03 20:31:03.63937+13	2025-10-03 20:31:03.63937+13
0199a8fb-455a-7b35-9c80-2c5ed79e2e8d	85.7		2024-08-19	f7fdef01-1e73-4a83-a770-4a5148a919f3	2025-10-03 20:31:03.642436+13	2025-10-03 20:31:03.642436+13
0199a8fb-455d-7ca5-8730-aec45e50e0bf	85.55		2024-08-20	f7fdef01-1e73-4a83-a770-4a5148a919f3	2025-10-03 20:31:03.645349+13	2025-10-03 20:31:03.645349+13
0199a8fb-4560-7ded-afda-53618529fbb2	85.47		2024-08-21	f7fdef01-1e73-4a83-a770-4a5148a919f3	2025-10-03 20:31:03.64847+13	2025-10-03 20:31:03.64847+13
0199a8fb-4563-7ddf-9d49-2b1a3a3599dc	85.34		2024-08-22	f7fdef01-1e73-4a83-a770-4a5148a919f3	2025-10-03 20:31:03.651073+13	2025-10-03 20:31:03.651073+13
0199a8fb-4565-797b-8f32-4e50d09ec0ea	85.25		2024-08-23	f7fdef01-1e73-4a83-a770-4a5148a919f3	2025-10-03 20:31:03.65387+13	2025-10-03 20:31:03.65387+13
0199a8fb-4568-752e-a8c9-57b268c234e1	85.21		2024-08-24	f7fdef01-1e73-4a83-a770-4a5148a919f3	2025-10-03 20:31:03.656946+13	2025-10-03 20:31:03.656946+13
0199a8fb-456b-7edb-ba72-92638d4cd838	85.17		2024-08-25	f7fdef01-1e73-4a83-a770-4a5148a919f3	2025-10-03 20:31:03.659959+13	2025-10-03 20:31:03.659959+13
0199a8fb-456e-7b2d-9652-483730171a22	85.1		2024-08-26	f7fdef01-1e73-4a83-a770-4a5148a919f3	2025-10-03 20:31:03.662482+13	2025-10-03 20:31:03.662482+13
0199a8fb-4571-773f-999e-e2741bd72bdb	84.97		2024-08-27	f7fdef01-1e73-4a83-a770-4a5148a919f3	2025-10-03 20:31:03.665056+13	2025-10-03 20:31:03.665056+13
0199a8fb-4575-71d7-88f4-4302ec2e8c88	84.84		2024-08-28	f7fdef01-1e73-4a83-a770-4a5148a919f3	2025-10-03 20:31:03.669252+13	2025-10-03 20:31:03.669252+13
0199a8fb-4579-7c3a-aa41-a98f73b16f1e	84.71		2024-08-29	f7fdef01-1e73-4a83-a770-4a5148a919f3	2025-10-03 20:31:03.673327+13	2025-10-03 20:31:03.673327+13
0199a8fb-457c-7add-94d3-f454a1334b40	84.58		2024-08-30	f7fdef01-1e73-4a83-a770-4a5148a919f3	2025-10-03 20:31:03.676618+13	2025-10-03 20:31:03.676618+13
0199a8fb-457f-7260-93c9-a3f37e4fd773	84.39		2024-08-31	f7fdef01-1e73-4a83-a770-4a5148a919f3	2025-10-03 20:31:03.679966+13	2025-10-03 20:31:03.679966+13
0199a8fb-4583-731d-ba81-7f4f8305cd0b	84.28		2024-09-01	f7fdef01-1e73-4a83-a770-4a5148a919f3	2025-10-03 20:31:03.683048+13	2025-10-03 20:31:03.683048+13
0199a8fb-4585-7706-a2ae-15cbd81bf6dd	84.22		2024-09-02	f7fdef01-1e73-4a83-a770-4a5148a919f3	2025-10-03 20:31:03.685729+13	2025-10-03 20:31:03.685729+13
0199a8fb-4588-7ca3-9da4-5d2535474e17	84.1		2024-09-03	f7fdef01-1e73-4a83-a770-4a5148a919f3	2025-10-03 20:31:03.688538+13	2025-10-03 20:31:03.688538+13
0199a8fb-458b-7519-84d6-d26e3503aaca	84.06		2024-09-04	f7fdef01-1e73-4a83-a770-4a5148a919f3	2025-10-03 20:31:03.691151+13	2025-10-03 20:31:03.691151+13
0199a8fb-458d-76e9-95f8-d5cbf0a1f209	83.92		2024-09-05	f7fdef01-1e73-4a83-a770-4a5148a919f3	2025-10-03 20:31:03.693782+13	2025-10-03 20:31:03.693782+13
0199a8fb-4590-7597-8303-1ebe66543691	83.74		2024-09-06	f7fdef01-1e73-4a83-a770-4a5148a919f3	2025-10-03 20:31:03.696719+13	2025-10-03 20:31:03.696719+13
0199a8fb-4594-7c7e-827c-f6cc743c1411	83.6		2024-09-07	f7fdef01-1e73-4a83-a770-4a5148a919f3	2025-10-03 20:31:03.700052+13	2025-10-03 20:31:03.700052+13
0199a8fb-4597-702b-a4a3-e1cc73f1e338	83.45		2024-09-08	f7fdef01-1e73-4a83-a770-4a5148a919f3	2025-10-03 20:31:03.703122+13	2025-10-03 20:31:03.703122+13
0199a8fb-459b-7bf6-b7ef-921671cb93c8	83.37		2024-09-09	f7fdef01-1e73-4a83-a770-4a5148a919f3	2025-10-03 20:31:03.707103+13	2025-10-03 20:31:03.707103+13
0199a8fb-459f-71a9-b339-410197e367e2	83.18		2024-09-10	f7fdef01-1e73-4a83-a770-4a5148a919f3	2025-10-03 20:31:03.711136+13	2025-10-03 20:31:03.711136+13
0199a8fb-45a2-72d6-973b-fe173685910d	83.07		2024-09-11	f7fdef01-1e73-4a83-a770-4a5148a919f3	2025-10-03 20:31:03.714389+13	2025-10-03 20:31:03.714389+13
0199a8fb-45a6-7a0f-be91-8b6f4e3a8c87	82.88		2024-09-12	f7fdef01-1e73-4a83-a770-4a5148a919f3	2025-10-03 20:31:03.71809+13	2025-10-03 20:31:03.71809+13
0199a8fb-45ab-764f-a22c-607b181c5639	82.76		2024-09-13	f7fdef01-1e73-4a83-a770-4a5148a919f3	2025-10-03 20:31:03.72373+13	2025-10-03 20:31:03.72373+13
0199a8fb-45ae-7e76-972a-ffb176574ecc	82.73		2024-09-14	f7fdef01-1e73-4a83-a770-4a5148a919f3	2025-10-03 20:31:03.726886+13	2025-10-03 20:31:03.726886+13
0199a8fb-45b3-701c-b3d9-dfda8c1563cd	82.6		2024-09-15	f7fdef01-1e73-4a83-a770-4a5148a919f3	2025-10-03 20:31:03.731295+13	2025-10-03 20:31:03.731295+13
0199a8fb-45b6-7096-8b07-c0f4bb413a78	82.41		2024-09-16	f7fdef01-1e73-4a83-a770-4a5148a919f3	2025-10-03 20:31:03.734855+13	2025-10-03 20:31:03.734855+13
0199a8fb-45ba-7e43-81c6-6bef794e68a5	82.38		2024-09-17	f7fdef01-1e73-4a83-a770-4a5148a919f3	2025-10-03 20:31:03.738273+13	2025-10-03 20:31:03.738273+13
0199a8fb-45bd-7e9a-b10e-5b0e76df7243	82.31		2024-09-18	f7fdef01-1e73-4a83-a770-4a5148a919f3	2025-10-03 20:31:03.741674+13	2025-10-03 20:31:03.741674+13
0199a8fb-45c0-78cb-b400-3e99b517a152	82.12		2024-09-19	f7fdef01-1e73-4a83-a770-4a5148a919f3	2025-10-03 20:31:03.744857+13	2025-10-03 20:31:03.744857+13
0199a8fb-45c4-7a2c-aec3-e2e06eb1804c	82.11		2024-09-20	f7fdef01-1e73-4a83-a770-4a5148a919f3	2025-10-03 20:31:03.748414+13	2025-10-03 20:31:03.748414+13
0199a8fb-45c7-71e6-a77d-61e61fb378c5	81.92		2024-09-21	f7fdef01-1e73-4a83-a770-4a5148a919f3	2025-10-03 20:31:03.751558+13	2025-10-03 20:31:03.751558+13
0199a8fb-45cb-72d7-8c2f-31148488097a	81.91		2024-09-22	f7fdef01-1e73-4a83-a770-4a5148a919f3	2025-10-03 20:31:03.755068+13	2025-10-03 20:31:03.755068+13
0199a8fb-45ce-7005-95e4-2ef49e0c730a	81.83		2024-09-23	f7fdef01-1e73-4a83-a770-4a5148a919f3	2025-10-03 20:31:03.758562+13	2025-10-03 20:31:03.758562+13
0199a8fb-45d1-7583-b65b-aa9d60dcb39d	81.67		2024-09-24	f7fdef01-1e73-4a83-a770-4a5148a919f3	2025-10-03 20:31:03.761862+13	2025-10-03 20:31:03.761862+13
0199a8fb-45d6-75c7-a092-0e2254990eed	81.54		2024-09-25	f7fdef01-1e73-4a83-a770-4a5148a919f3	2025-10-03 20:31:03.766018+13	2025-10-03 20:31:03.766018+13
0199a8fb-45da-7354-b33a-d25dc20b98fe	81.39		2024-09-26	f7fdef01-1e73-4a83-a770-4a5148a919f3	2025-10-03 20:31:03.770898+13	2025-10-03 20:31:03.770898+13
0199a8fb-45e0-7ff7-a351-1b8365986761	81.21		2024-09-27	f7fdef01-1e73-4a83-a770-4a5148a919f3	2025-10-03 20:31:03.776119+13	2025-10-03 20:31:03.776119+13
0199a8fb-45e4-7833-b913-83169c3d1891	81.15		2024-09-28	f7fdef01-1e73-4a83-a770-4a5148a919f3	2025-10-03 20:31:03.780638+13	2025-10-03 20:31:03.780638+13
0199a8fb-45e9-7fef-a47e-9c1d4555089e	81.05		2024-09-29	f7fdef01-1e73-4a83-a770-4a5148a919f3	2025-10-03 20:31:03.78526+13	2025-10-03 20:31:03.78526+13
0199a8fb-45ee-7b8f-a703-ef261306da24	80.95		2024-09-30	f7fdef01-1e73-4a83-a770-4a5148a919f3	2025-10-03 20:31:03.790504+13	2025-10-03 20:31:03.790504+13
0199a8fb-45f3-7121-bf93-b0939d571a43	80.93		2024-10-01	f7fdef01-1e73-4a83-a770-4a5148a919f3	2025-10-03 20:31:03.795359+13	2025-10-03 20:31:03.795359+13
0199a8fb-45f8-7d40-8ecd-39e2a2701fa9	80.79		2024-10-02	f7fdef01-1e73-4a83-a770-4a5148a919f3	2025-10-03 20:31:03.800349+13	2025-10-03 20:31:03.800349+13
0199a8fb-45fc-7932-975e-2cbc3676bcee	80.68		2024-10-03	f7fdef01-1e73-4a83-a770-4a5148a919f3	2025-10-03 20:31:03.804314+13	2025-10-03 20:31:03.804314+13
0199a8fb-4601-74f3-b590-0625ab50ad8b	80.5		2024-10-04	f7fdef01-1e73-4a83-a770-4a5148a919f3	2025-10-03 20:31:03.809327+13	2025-10-03 20:31:03.809327+13
0199a8fb-4606-7ded-ba6f-01d2277aec3c	80.31		2024-10-05	f7fdef01-1e73-4a83-a770-4a5148a919f3	2025-10-03 20:31:03.814266+13	2025-10-03 20:31:03.814266+13
0199a8fb-460a-743c-87b3-048a59941157	80.3		2024-10-06	f7fdef01-1e73-4a83-a770-4a5148a919f3	2025-10-03 20:31:03.818617+13	2025-10-03 20:31:03.818617+13
0199a8fb-460e-71c8-8e10-4026a84bf17b	80.24		2024-10-07	f7fdef01-1e73-4a83-a770-4a5148a919f3	2025-10-03 20:31:03.822972+13	2025-10-03 20:31:03.822972+13
0199a8fb-4614-7b7d-9720-b83afc6798d5	80.1		2024-10-08	f7fdef01-1e73-4a83-a770-4a5148a919f3	2025-10-03 20:31:03.827988+13	2025-10-03 20:31:03.827988+13
0199a8fb-4618-77cd-aa94-0bc6be6a47ef	79.99		2024-10-09	f7fdef01-1e73-4a83-a770-4a5148a919f3	2025-10-03 20:31:03.832907+13	2025-10-03 20:31:03.832907+13
0199a8fb-4628-7095-b7a5-467b722a916b	79.87		2024-10-10	f7fdef01-1e73-4a83-a770-4a5148a919f3	2025-10-03 20:31:03.848107+13	2025-10-03 20:31:03.848107+13
0199a8fb-463a-7a24-a091-27b1cc5efca6	79.77		2024-10-11	f7fdef01-1e73-4a83-a770-4a5148a919f3	2025-10-03 20:31:03.866513+13	2025-10-03 20:31:03.866513+13
0199a8fb-464b-7b24-8300-03fb080a3796	79.65		2024-10-12	f7fdef01-1e73-4a83-a770-4a5148a919f3	2025-10-03 20:31:03.883673+13	2025-10-03 20:31:03.883673+13
0199a8fb-4654-7794-a78d-03a54491c271	79.61		2024-10-13	f7fdef01-1e73-4a83-a770-4a5148a919f3	2025-10-03 20:31:03.8923+13	2025-10-03 20:31:03.8923+13
0199a8fb-465a-701e-be89-34b88fbab249	79.58		2024-10-14	f7fdef01-1e73-4a83-a770-4a5148a919f3	2025-10-03 20:31:03.898344+13	2025-10-03 20:31:03.898344+13
0199a8fb-465f-7206-81f3-0b8af1801f58	79.42		2024-10-15	f7fdef01-1e73-4a83-a770-4a5148a919f3	2025-10-03 20:31:03.903425+13	2025-10-03 20:31:03.903425+13
0199a8fb-4664-7969-bf42-f861e1fbc50f	79.23		2024-10-16	f7fdef01-1e73-4a83-a770-4a5148a919f3	2025-10-03 20:31:03.908519+13	2025-10-03 20:31:03.908519+13
0199a8fb-4669-7fab-90e5-fe5fca033c23	79.22		2024-10-17	f7fdef01-1e73-4a83-a770-4a5148a919f3	2025-10-03 20:31:03.91345+13	2025-10-03 20:31:03.91345+13
0199a8fb-466e-76aa-befe-f0e49551ce1e	79.21		2024-10-18	f7fdef01-1e73-4a83-a770-4a5148a919f3	2025-10-03 20:31:03.918446+13	2025-10-03 20:31:03.918446+13
0199a8fb-4673-7487-ae17-dc5d3913a6c8	79.17		2024-10-19	f7fdef01-1e73-4a83-a770-4a5148a919f3	2025-10-03 20:31:03.92319+13	2025-10-03 20:31:03.92319+13
0199a8fb-4677-7837-b6e1-df9924702cc9	79.13		2024-10-20	f7fdef01-1e73-4a83-a770-4a5148a919f3	2025-10-03 20:31:03.927897+13	2025-10-03 20:31:03.927897+13
0199a8fb-467c-7f6c-9829-b914e8a54013	79.13		2024-10-21	f7fdef01-1e73-4a83-a770-4a5148a919f3	2025-10-03 20:31:03.93274+13	2025-10-03 20:31:03.93274+13
0199a8fb-4682-70f0-8f94-bd56c300f224	79.02		2024-10-22	f7fdef01-1e73-4a83-a770-4a5148a919f3	2025-10-03 20:31:03.938524+13	2025-10-03 20:31:03.938524+13
0199a8fb-4687-779a-888a-8e9f8b5c2d77	78.94		2024-10-23	f7fdef01-1e73-4a83-a770-4a5148a919f3	2025-10-03 20:31:03.943322+13	2025-10-03 20:31:03.943322+13
0199a8fb-468b-7295-9821-3bcd04fc4607	78.93		2024-10-24	f7fdef01-1e73-4a83-a770-4a5148a919f3	2025-10-03 20:31:03.94715+13	2025-10-03 20:31:03.94715+13
0199a8fb-468e-7cec-ba13-8abb330c9a80	78.88		2024-10-25	f7fdef01-1e73-4a83-a770-4a5148a919f3	2025-10-03 20:31:03.9507+13	2025-10-03 20:31:03.9507+13
0199a8fb-4692-738b-a8d5-362cb9bde39c	78.87		2024-10-26	f7fdef01-1e73-4a83-a770-4a5148a919f3	2025-10-03 20:31:03.954291+13	2025-10-03 20:31:03.954291+13
0199a8fb-4696-704a-b5d8-c7e6050bc155	78.86		2024-10-27	f7fdef01-1e73-4a83-a770-4a5148a919f3	2025-10-03 20:31:03.958009+13	2025-10-03 20:31:03.958009+13
0199a8fb-4699-725c-8e16-9b84679686de	78.74		2024-10-28	f7fdef01-1e73-4a83-a770-4a5148a919f3	2025-10-03 20:31:03.961311+13	2025-10-03 20:31:03.961311+13
0199a8fb-469c-79b8-a8a1-73e4ca06806a	78.71		2024-10-29	f7fdef01-1e73-4a83-a770-4a5148a919f3	2025-10-03 20:31:03.964906+13	2025-10-03 20:31:03.964906+13
0199a8fb-46a0-7c5b-a172-ef380060b0d5	78.52		2024-10-30	f7fdef01-1e73-4a83-a770-4a5148a919f3	2025-10-03 20:31:03.968434+13	2025-10-03 20:31:03.968434+13
0199a8fb-46a5-7b4c-a763-8c6c525da3f0	78.48		2024-10-31	f7fdef01-1e73-4a83-a770-4a5148a919f3	2025-10-03 20:31:03.973894+13	2025-10-03 20:31:03.973894+13
0199a8fb-46a9-7587-b1c2-8f7cffe2bf9f	78.38		2024-11-01	f7fdef01-1e73-4a83-a770-4a5148a919f3	2025-10-03 20:31:03.977567+13	2025-10-03 20:31:03.977567+13
0199a8fb-46ad-7db6-b198-dddf36c507fc	78.35		2024-11-02	f7fdef01-1e73-4a83-a770-4a5148a919f3	2025-10-03 20:31:03.981366+13	2025-10-03 20:31:03.981366+13
0199a8fb-46b1-7894-b0e3-75bca7760311	78.17		2024-11-03	f7fdef01-1e73-4a83-a770-4a5148a919f3	2025-10-03 20:31:03.985148+13	2025-10-03 20:31:03.985148+13
0199a8fb-46b4-7d77-90d7-df7de420ff03	78.13		2024-11-04	f7fdef01-1e73-4a83-a770-4a5148a919f3	2025-10-03 20:31:03.98853+13	2025-10-03 20:31:03.98853+13
0199a8fb-46b8-7f15-abc1-39956107fe3a	78.06		2024-11-05	f7fdef01-1e73-4a83-a770-4a5148a919f3	2025-10-03 20:31:03.992015+13	2025-10-03 20:31:03.992015+13
0199a8fb-46bb-77e3-ac14-3b8aeed746d9	77.89		2024-11-06	f7fdef01-1e73-4a83-a770-4a5148a919f3	2025-10-03 20:31:03.995108+13	2025-10-03 20:31:03.995108+13
0199a8fb-46be-762d-af09-34a2d6d12559	77.88		2024-11-07	f7fdef01-1e73-4a83-a770-4a5148a919f3	2025-10-03 20:31:03.998484+13	2025-10-03 20:31:03.998484+13
0199a8fb-46c1-78fa-9272-5e86b4075196	77.74		2024-11-08	f7fdef01-1e73-4a83-a770-4a5148a919f3	2025-10-03 20:31:04.001658+13	2025-10-03 20:31:04.001658+13
0199a8fb-46c4-7c2c-be27-2d9937a56b31	77.74		2024-11-09	f7fdef01-1e73-4a83-a770-4a5148a919f3	2025-10-03 20:31:04.00484+13	2025-10-03 20:31:04.00484+13
0199a8fb-46c7-7e97-b95e-e50bd3bdbf2d	77.73		2024-11-10	f7fdef01-1e73-4a83-a770-4a5148a919f3	2025-10-03 20:31:04.007921+13	2025-10-03 20:31:04.007921+13
0199a8fb-46cb-7ebc-92e9-007cea7111dd	77.55		2024-11-11	f7fdef01-1e73-4a83-a770-4a5148a919f3	2025-10-03 20:31:04.01114+13	2025-10-03 20:31:04.01114+13
0199a8fb-46ce-7ba9-8717-80369de1f9f6	77.36		2024-11-12	f7fdef01-1e73-4a83-a770-4a5148a919f3	2025-10-03 20:31:04.014243+13	2025-10-03 20:31:04.014243+13
0199a8fb-46d1-7083-987b-f613d89189da	77.31		2024-11-13	f7fdef01-1e73-4a83-a770-4a5148a919f3	2025-10-03 20:31:04.017444+13	2025-10-03 20:31:04.017444+13
0199a8fb-46d4-7b5c-a32b-79bd18e6be0b	77.18		2024-11-14	f7fdef01-1e73-4a83-a770-4a5148a919f3	2025-10-03 20:31:04.020543+13	2025-10-03 20:31:04.020543+13
0199a8fb-46d7-70d2-b55a-6b0919818b08	77.06		2024-11-15	f7fdef01-1e73-4a83-a770-4a5148a919f3	2025-10-03 20:31:04.023977+13	2025-10-03 20:31:04.023977+13
0199a8fb-46da-7f21-aa74-489024567789	76.9		2024-11-16	f7fdef01-1e73-4a83-a770-4a5148a919f3	2025-10-03 20:31:04.026612+13	2025-10-03 20:31:04.026612+13
0199a8fb-46dd-7777-b03d-7ccd9686940c	76.81		2024-11-17	f7fdef01-1e73-4a83-a770-4a5148a919f3	2025-10-03 20:31:04.029197+13	2025-10-03 20:31:04.029197+13
0199a8fb-46e0-747c-bb18-9ce3ce107697	76.75		2024-11-18	f7fdef01-1e73-4a83-a770-4a5148a919f3	2025-10-03 20:31:04.032+13	2025-10-03 20:31:04.032+13
0199a8fb-46e2-71de-a85a-ac890a39daa0	76.64		2024-11-19	f7fdef01-1e73-4a83-a770-4a5148a919f3	2025-10-03 20:31:04.034952+13	2025-10-03 20:31:04.034952+13
0199a8fb-46e5-72a2-80f1-fa0e438dfa62	76.62		2024-11-20	f7fdef01-1e73-4a83-a770-4a5148a919f3	2025-10-03 20:31:04.037964+13	2025-10-03 20:31:04.037964+13
0199a8fb-46e9-7ebb-8fb4-9d03b267650c	76.53		2024-11-21	f7fdef01-1e73-4a83-a770-4a5148a919f3	2025-10-03 20:31:04.041359+13	2025-10-03 20:31:04.041359+13
0199a8fb-46ec-7ca9-8892-554a76571c90	76.49		2024-11-22	f7fdef01-1e73-4a83-a770-4a5148a919f3	2025-10-03 20:31:04.044943+13	2025-10-03 20:31:04.044943+13
0199a8fb-46ef-7248-9fc0-6f902d9e9bab	76.44		2024-11-23	f7fdef01-1e73-4a83-a770-4a5148a919f3	2025-10-03 20:31:04.04785+13	2025-10-03 20:31:04.04785+13
0199a8fb-46f2-7004-a191-3b7c55f84a64	76.25		2024-11-24	f7fdef01-1e73-4a83-a770-4a5148a919f3	2025-10-03 20:31:04.050713+13	2025-10-03 20:31:04.050713+13
0199a8fb-46f5-7907-ba2b-61a9a594eb27	76.24		2024-11-25	f7fdef01-1e73-4a83-a770-4a5148a919f3	2025-10-03 20:31:04.053336+13	2025-10-03 20:31:04.053336+13
0199a8fb-46f8-731e-be7f-7275f48e9d82	76.06		2024-11-26	f7fdef01-1e73-4a83-a770-4a5148a919f3	2025-10-03 20:31:04.056399+13	2025-10-03 20:31:04.056399+13
0199a8fb-46fc-78d2-a823-d29fcd1e64cb	75.9		2024-11-27	f7fdef01-1e73-4a83-a770-4a5148a919f3	2025-10-03 20:31:04.060516+13	2025-10-03 20:31:04.060516+13
0199a8fb-46ff-76e0-ba1d-c0e56552cae0	75.8		2024-11-28	f7fdef01-1e73-4a83-a770-4a5148a919f3	2025-10-03 20:31:04.063222+13	2025-10-03 20:31:04.063222+13
0199a8fb-4702-759d-a80d-c8c051b35e81	75.74		2024-11-29	f7fdef01-1e73-4a83-a770-4a5148a919f3	2025-10-03 20:31:04.066554+13	2025-10-03 20:31:04.066554+13
0199a8fb-4706-71e5-8a3b-4baf9ca0f625	75.62		2024-11-30	f7fdef01-1e73-4a83-a770-4a5148a919f3	2025-10-03 20:31:04.07058+13	2025-10-03 20:31:04.07058+13
0199a8fb-4709-70f0-8aa1-65ced06108e3	75.51		2024-12-01	f7fdef01-1e73-4a83-a770-4a5148a919f3	2025-10-03 20:31:04.073268+13	2025-10-03 20:31:04.073268+13
0199a8fb-470c-7926-9d91-20006e573cd6	75.49		2024-12-02	f7fdef01-1e73-4a83-a770-4a5148a919f3	2025-10-03 20:31:04.076343+13	2025-10-03 20:31:04.076343+13
0199a8fb-470f-7583-80ae-fdba9ce61fff	75.35		2024-12-03	f7fdef01-1e73-4a83-a770-4a5148a919f3	2025-10-03 20:31:04.079839+13	2025-10-03 20:31:04.079839+13
0199a8fb-4712-7aa3-a3cb-8b0d772b4c1e	75.24		2024-12-04	f7fdef01-1e73-4a83-a770-4a5148a919f3	2025-10-03 20:31:04.082995+13	2025-10-03 20:31:04.082995+13
0199a8fb-4716-7a78-9347-964ace2ceafb	75.15		2024-12-05	f7fdef01-1e73-4a83-a770-4a5148a919f3	2025-10-03 20:31:04.086377+13	2025-10-03 20:31:04.086377+13
0199a8fb-471a-77a5-81f8-078a75ee915b	75.02		2024-12-06	f7fdef01-1e73-4a83-a770-4a5148a919f3	2025-10-03 20:31:04.090399+13	2025-10-03 20:31:04.090399+13
0199a8fb-471d-7a6a-869c-caca7014e9f8	74.83		2024-12-07	f7fdef01-1e73-4a83-a770-4a5148a919f3	2025-10-03 20:31:04.093646+13	2025-10-03 20:31:04.093646+13
0199a8fb-4721-713e-b5fc-016ef5c60838	74.72		2024-12-08	f7fdef01-1e73-4a83-a770-4a5148a919f3	2025-10-03 20:31:04.097263+13	2025-10-03 20:31:04.097263+13
0199a8fb-4724-752e-b76c-8c588e97e248	74.54		2024-12-09	f7fdef01-1e73-4a83-a770-4a5148a919f3	2025-10-03 20:31:04.100615+13	2025-10-03 20:31:04.100615+13
0199a8fb-4727-7b07-bfc1-364886bd11ea	74.51		2024-12-10	f7fdef01-1e73-4a83-a770-4a5148a919f3	2025-10-03 20:31:04.103466+13	2025-10-03 20:31:04.103466+13
0199a8fb-472a-7632-acdc-070087a34194	74.51		2024-12-11	f7fdef01-1e73-4a83-a770-4a5148a919f3	2025-10-03 20:31:04.106624+13	2025-10-03 20:31:04.106624+13
0199a8fb-472d-75d9-a473-920d577df80f	74.33		2024-12-12	f7fdef01-1e73-4a83-a770-4a5148a919f3	2025-10-03 20:31:04.109402+13	2025-10-03 20:31:04.109402+13
0199a8fb-4731-7998-82f9-e9f0a3cd498d	74.23		2024-12-13	f7fdef01-1e73-4a83-a770-4a5148a919f3	2025-10-03 20:31:04.113906+13	2025-10-03 20:31:04.113906+13
0199a8fb-4734-7a22-9c9a-ce4aedccc103	74.16		2024-12-14	f7fdef01-1e73-4a83-a770-4a5148a919f3	2025-10-03 20:31:04.116834+13	2025-10-03 20:31:04.116834+13
0199a8fb-4737-76bf-9bbe-70194a6e7c58	74		2024-12-15	f7fdef01-1e73-4a83-a770-4a5148a919f3	2025-10-03 20:31:04.119945+13	2025-10-03 20:31:04.119945+13
0199a8fb-473b-79c8-9d76-9879305ae532	73.87		2024-12-16	f7fdef01-1e73-4a83-a770-4a5148a919f3	2025-10-03 20:31:04.12332+13	2025-10-03 20:31:04.12332+13
0199a8fb-473f-7c83-bea5-a05c3eae4182	73.86		2024-12-17	f7fdef01-1e73-4a83-a770-4a5148a919f3	2025-10-03 20:31:04.127064+13	2025-10-03 20:31:04.127064+13
0199a8fb-4742-78f5-bfff-4ad0e20cf796	73.84		2024-12-18	f7fdef01-1e73-4a83-a770-4a5148a919f3	2025-10-03 20:31:04.130434+13	2025-10-03 20:31:04.130434+13
0199a8fb-4745-74a4-a828-c070ea026c05	73.82		2024-12-19	f7fdef01-1e73-4a83-a770-4a5148a919f3	2025-10-03 20:31:04.133401+13	2025-10-03 20:31:04.133401+13
0199a8fb-4748-7ada-9399-2b1464fc89f5	73.65		2024-12-20	f7fdef01-1e73-4a83-a770-4a5148a919f3	2025-10-03 20:31:04.136689+13	2025-10-03 20:31:04.136689+13
0199a8fb-474b-7fba-b906-590277d4cd37	73.64		2024-12-21	f7fdef01-1e73-4a83-a770-4a5148a919f3	2025-10-03 20:31:04.139821+13	2025-10-03 20:31:04.139821+13
0199a8fb-474f-70bc-a03a-493249491de9	73.58		2024-12-22	f7fdef01-1e73-4a83-a770-4a5148a919f3	2025-10-03 20:31:04.143338+13	2025-10-03 20:31:04.143338+13
0199a8fb-4752-7645-997c-a2412d3a4abb	73.49		2024-12-23	f7fdef01-1e73-4a83-a770-4a5148a919f3	2025-10-03 20:31:04.146521+13	2025-10-03 20:31:04.146521+13
0199a8fb-4755-7c97-9bc0-21d12b80caed	73.46		2024-12-24	f7fdef01-1e73-4a83-a770-4a5148a919f3	2025-10-03 20:31:04.149989+13	2025-10-03 20:31:04.149989+13
0199a8fb-4758-71f5-addb-1526d860fc47	73.44		2024-12-25	f7fdef01-1e73-4a83-a770-4a5148a919f3	2025-10-03 20:31:04.152994+13	2025-10-03 20:31:04.152994+13
0199a8fb-475c-77fd-8d8e-c731dd9d007a	73.37		2024-12-26	f7fdef01-1e73-4a83-a770-4a5148a919f3	2025-10-03 20:31:04.156317+13	2025-10-03 20:31:04.156317+13
0199a8fb-475f-7b80-bf9a-73a04662c6de	73.25		2024-12-27	f7fdef01-1e73-4a83-a770-4a5148a919f3	2025-10-03 20:31:04.159276+13	2025-10-03 20:31:04.159276+13
0199a8fb-4762-7add-a667-329b8c25cf1b	73.11		2024-12-28	f7fdef01-1e73-4a83-a770-4a5148a919f3	2025-10-03 20:31:04.162219+13	2025-10-03 20:31:04.162219+13
0199a8fb-4765-7058-b2fa-a92c96b29401	73.04		2024-12-29	f7fdef01-1e73-4a83-a770-4a5148a919f3	2025-10-03 20:31:04.165095+13	2025-10-03 20:31:04.165095+13
0199a8fb-4768-75b2-af69-bf7b5a7fd3f7	72.53		2024-12-30	f7fdef01-1e73-4a83-a770-4a5148a919f3	2025-10-03 20:31:04.168076+13	2025-10-03 20:31:04.168076+13
0199a8fb-476c-7039-b442-4fc42a090034	72.01	Finished cut	2024-12-31	f7fdef01-1e73-4a83-a770-4a5148a919f3	2025-10-03 20:31:04.172004+13	2025-10-03 20:31:04.172004+13
0199a8fb-47b0-76ac-a083-98b39600f805	61.12	\N	2010-12-31	362c8551-0fff-47fb-9ed3-9fb39828308c	2025-10-03 20:31:04.240713+13	2025-10-03 20:31:04.240713+13
0199a8fb-47b5-7d1f-9aee-132b0bf1fd53	62.22	\N	2024-12-31	362c8551-0fff-47fb-9ed3-9fb39828308c	2025-10-03 20:31:04.245969+13	2025-10-03 20:31:04.245969+13
0199a8fb-47fa-7a00-8f7a-5a447f041bc7	80	\N	2000-10-01	b378ee12-e261-47ff-8a8d-b202787bc631	2025-10-03 20:31:04.314866+13	2025-10-03 20:31:04.314866+13
0199a8fb-47fd-75f9-a3d2-9777587ab275	81		2000-10-03	b378ee12-e261-47ff-8a8d-b202787bc631	2025-10-03 20:31:04.317962+13	2025-10-03 20:31:04.317962+13
0199a8fb-4800-74a8-a70f-92a26531d2f3	82	lets go	2000-10-05	b378ee12-e261-47ff-8a8d-b202787bc631	2025-10-03 20:31:04.320309+13	2025-10-03 20:31:04.320309+13
0199a8fb-4802-7d07-ad54-ba8855463f12	79	\N	2000-10-10	b378ee12-e261-47ff-8a8d-b202787bc631	2025-10-03 20:31:04.322953+13	2025-10-03 20:31:04.322953+13
0199a8fb-4805-7cc9-971a-d4585c9862cc	79	\N	2000-10-11	b378ee12-e261-47ff-8a8d-b202787bc631	2025-10-03 20:31:04.32573+13	2025-10-03 20:31:04.32573+13
0199a8fb-4808-726e-8093-fb386652652d	80	another one	2000-10-12	b378ee12-e261-47ff-8a8d-b202787bc631	2025-10-03 20:31:04.328208+13	2025-10-03 20:31:04.328208+13
0199a8fb-480a-7595-b3bd-2bd9e790dd88	76	\N	2001-01-15	b378ee12-e261-47ff-8a8d-b202787bc631	2025-10-03 20:31:04.330707+13	2025-10-03 20:31:04.330707+13
0199a8fb-480d-7ff9-9c03-bded8c9e7518	81	\N	2001-02-04	b378ee12-e261-47ff-8a8d-b202787bc631	2025-10-03 20:31:04.333224+13	2025-10-03 20:31:04.333224+13
0199a8fb-480f-77b0-90cc-982fbda8fed1	85		2001-04-01	b378ee12-e261-47ff-8a8d-b202787bc631	2025-10-03 20:31:04.335929+13	2025-10-03 20:31:04.335929+13
0199a8fb-4813-7909-b81b-998ec23e801a	82		2001-05-01	b378ee12-e261-47ff-8a8d-b202787bc631	2025-10-03 20:31:04.339148+13	2025-10-03 20:31:04.339148+13
0199a8fb-4816-7e0f-bf5c-09f3f5b0a725	83		2001-05-08	b378ee12-e261-47ff-8a8d-b202787bc631	2025-10-03 20:31:04.342583+13	2025-10-03 20:31:04.342583+13
0199a8fb-4819-7774-a6b0-2a560147b83c	78		2001-06-01	b378ee12-e261-47ff-8a8d-b202787bc631	2025-10-03 20:31:04.345535+13	2025-10-03 20:31:04.345535+13
0199a8fb-481c-7e1d-b02c-503869b33eda	80.5		2001-06-03	b378ee12-e261-47ff-8a8d-b202787bc631	2025-10-03 20:31:04.348751+13	2025-10-03 20:31:04.348751+13
0199a8fb-4820-7219-9338-c7b849d86b9a	80.2		2001-06-04	b378ee12-e261-47ff-8a8d-b202787bc631	2025-10-03 20:31:04.352147+13	2025-10-03 20:31:04.352147+13
0199a8fb-4823-759c-99a2-b04b04a84f3d	80.8		2001-06-05	b378ee12-e261-47ff-8a8d-b202787bc631	2025-10-03 20:31:04.355414+13	2025-10-03 20:31:04.355414+13
0199a8fb-4827-7e5b-8df1-7a4b2fa7b54c	80.3	don't want to do this anymore	2001-06-06	b378ee12-e261-47ff-8a8d-b202787bc631	2025-10-03 20:31:04.359446+13	2025-10-03 20:31:04.359446+13
\.


--
-- Data for Name: __EFMigrationsHistory; Type: TABLE DATA; Schema: public; Owner: records
--

COPY public."__EFMigrationsHistory" ("MigrationId", "ProductVersion") FROM stdin;
20250724214309_InitialMigration	9.0.7
20250726070422_AddWeightEntryTable	9.0.9
20251002073505_AddWeightEntryDateAndUserIdINdex	9.0.9
\.


--
-- Name: Users PK_Users; Type: CONSTRAINT; Schema: public; Owner: records
--

ALTER TABLE ONLY public."Users"
    ADD CONSTRAINT "PK_Users" PRIMARY KEY ("Id");


--
-- Name: WeightEntries PK_WeightEntries; Type: CONSTRAINT; Schema: public; Owner: records
--

ALTER TABLE ONLY public."WeightEntries"
    ADD CONSTRAINT "PK_WeightEntries" PRIMARY KEY ("Id");


--
-- Name: __EFMigrationsHistory PK___EFMigrationsHistory; Type: CONSTRAINT; Schema: public; Owner: records
--

ALTER TABLE ONLY public."__EFMigrationsHistory"
    ADD CONSTRAINT "PK___EFMigrationsHistory" PRIMARY KEY ("MigrationId");


--
-- Name: IX_User_Email_UNIQUE; Type: INDEX; Schema: public; Owner: records
--

CREATE UNIQUE INDEX "IX_User_Email_UNIQUE" ON public."Users" USING btree ("Email");


--
-- Name: IX_User_Username_UNIQUE; Type: INDEX; Schema: public; Owner: records
--

CREATE UNIQUE INDEX "IX_User_Username_UNIQUE" ON public."Users" USING btree ("Username");


--
-- Name: IX_WeightEntries_UserId; Type: INDEX; Schema: public; Owner: records
--

CREATE INDEX "IX_WeightEntries_UserId" ON public."WeightEntries" USING btree ("UserId");


--
-- Name: IX_WeightEntryDate_UserId_UNIQUE; Type: INDEX; Schema: public; Owner: records
--

CREATE UNIQUE INDEX "IX_WeightEntryDate_UserId_UNIQUE" ON public."WeightEntries" USING btree ("EntryDate", "UserId");


--
-- Name: WeightEntries FK_WeightEntries_Users_UserId; Type: FK CONSTRAINT; Schema: public; Owner: records
--

ALTER TABLE ONLY public."WeightEntries"
    ADD CONSTRAINT "FK_WeightEntries_Users_UserId" FOREIGN KEY ("UserId") REFERENCES public."Users"("Id") ON DELETE CASCADE;


--
-- PostgreSQL database dump complete
--

\unrestrict rFTNpNniEZT1QHO4cZ9XXHQDQG2blHX6Wdcyn8HQS1x9THckKxzpN0JU1sV4ODe

